Workbook

Sheet Калькулятор стеклопластик
A1: Заполнить | D1: Вывод данных
A2: Диаметр | B2: 2000 | D2: Объем емкости (м3) | E2: =3.14*B2/2*B2/2*B3/1000000000 -> 15.7
A3: Длина/высота | B3: 5000 | D3: Толщина стенки (мм) | E3: =Лист1!B4+Лист1!B5 -> 7.9
A4: количество слоев нитки | B4: 6 | D4: масса | E4: =Лист1!B8+Лист1!B9+Лист1!B7+Лист1!B12+Лист1!B13 -> 493.0462
A5: количество слоев рогожи желательно через 3 слоя | B5: 1 | D5: стоимость | E5: =(Лист1!C7+Лист1!C8+Лист1!C9+Лист1!C12+Лист1!C13)*1.15*2 -> 188658.45
A8: Доступные диаметры:
A9: 800
A10: 1000
A11: 1500
A12: 2000
A13: 2400

Sheet Лист1
A1: промежуточные результаты
A2: площадь поверхности цилиндра м2 | B2: =2*3.14*'Калькулятор стеклопластик'!B2/2*'Калькулятор стеклопластик'!B3/1000000 -> 31.4
A3: площадь торцов | B3: =3.14*'Калькулятор стеклопластик'!B2/2*'Калькулятор стеклопластик'!B2/2*2/1000000 -> 6.28
A4: толщина нитки | B4: ='Калькулятор стеклопластик'!B4*1.15 -> 6.9
A5: толщина рогожи | B5: ='Калькулятор стеклопластик'!B5*1 -> 1
A6: Данные по цилиндру | C6: Стоимость
A7: расход нитки (кг) | B7: =B20*B2*B4 -> 253.4922 | C7: =B7*B30 -> 19011.915
A8: Расход рогожи (кг) | B8: =B21*B2*B5 -> 15.7 | C8: =B8*B31 -> 7065
A9: расход смолы (кг) | B9: =B19*B2*'Калькулятор стеклопластик'!E3 -> 148.836 | C9: =B9*B29 -> 33488.1
A10: Масса цилиндра | B10: =B7+B8+B9 -> 418.0282
A11: Данные по торцам
A12: расход смолы (кг) | B12: =B19+'Калькулятор стеклопластик'!E3*B3 -> 50.212 | C12: =B12*B29 -> 11297.7
A13: расход рогожи (кг) | B13: =B21*B3*'Калькулятор стеклопластик'!E3 -> 24.806 | C13: =B13*B31 -> 11162.7
A14: масса торцов | B14: =B12+B13 -> 75.018
A16: Итого себес | C16: =C7+C8+C9+C12+C13 -> 82025.415
B18: Принять к учету | C18: Расчетный
A19: расход смолы на 1м2 на слой 1 мм (кг) | B19: 0.6 | C19: =B25/B2/'Калькулятор стеклопластик'!E3 -> 0.61799565
A20: расход никти на 1м2 на слой 1 мм | B20: 1.17 | C20: =B27/B2/B4 -> 1.218499
A21: расход рогожы на 1м2 на слой 1 мм | B21: 0.5 | C21: =B26/B2/B5 -> 0.47770701
A24: фактический
A25: смола | B25: 153.3
A26: рогожа | B26: 15
A27: стекло | B27: 264
A29: смола - стоимость за кг | B29: 225
A30: нитка стоимость за кг | B30: 75
A31: рогожа стоимость за кг | B31: 450
